trace_index,trace_name,material_name,point_index,x_raw,y_raw,z_raw,marker_size_raw,x_scene,y_scene,z_scene,point_radius_scene
0,theory scaled 2D,theory_scaled_2D,0,1.0074149928977276,0.0,0.0,11.0,2.445098610639481,-0.879969005661156,-2.4090625644197066,0.10749758272890289
0,theory scaled 2D,theory_scaled_2D,1,2.018221389974512,0.0,0.0,11.0,3.4559050077162654,-0.879969005661156,-2.4090625644197066,0.10749758272890289
0,theory scaled 2D,theory_scaled_2D,2,-2.4323483519775393,-1.809728854065473,0.0,11.0,-0.9946647342357857,-2.6896978597266292,-2.4090625644197066,0.10749758272890289
0,theory scaled 2D,theory_scaled_2D,3,4.0394720476610795,0.0,0.0,11.0,5.477155665402833,-0.879969005661156,-2.4090625644197066,0.10749758272890289
0,theory scaled 2D,theory_scaled_2D,4,-0.7394680706441341,4.994137092425882,0.0,11.0,0.6982155470976195,4.114168086764726,-2.4090625644197066,0.10749758272890289
0,theory scaled 2D,theory_scaled_2D,5,-4.860254128065214,-3.6161523190127602,0.0,11.0,-3.4225705103234603,-4.496121324673917,-2.4090625644197066,0.10749758272890289
0,theory scaled 2D,theory_scaled_2D,6,3.061775352844224,-6.371527524777776,0.0,11.0,4.4994589705859775,-7.251496530438932,-2.4090625644197066,0.10749758272890289
0,theory scaled 2D,theory_scaled_2D,7,8.07801677272729,0.0,0.0,11.0,9.515700390469043,-0.879969005661156,-2.4090625644197066,0.10749758272890289
0,theory scaled 2D,theory_scaled_2D,8,6.229408618322314,6.6123020971099,0.0,11.0,7.667092236064067,5.732333091448744,-2.4090625644197066,0.10749758272890289
0,theory scaled 2D,theory_scaled_2D,9,-1.4782379581160499,9.983558873108091,0.0,11.0,-0.04055434037429628,9.103589867446935,-2.4090625644197066,0.10749758272890289
0,theory scaled 2D,theory_scaled_2D,10,-10.539370237547393,3.4920589984959647,0.0,11.0,-9.10168661980564,2.6120899928348087,-2.4090625644197066,0.10749758272890289
0,theory scaled 2D,theory_scaled_2D,11,-9.7228476497014,-7.2340452061653435,0.0,11.0,-8.285164031959646,-8.1140142118265,-2.4090625644197066,0.10749758272890289
1,bridge floor drift,bridge_floor_drift,0,1.0074149928977276,0.0,0.0,3.1,2.445098610639481,-0.879969005661156,-2.4090625644197066,0.09
1,bridge floor drift,bridge_floor_drift,1,1.0072907375612075,0.0041554007669319295,0.0,3.1,2.444974355302961,-0.8758136048942241,-2.4090625644197066,0.09
1,bridge floor drift,bridge_floor_drift,2,1.0071664822246873,0.008310801533863859,0.0,3.1,2.444850099966441,-0.8716582041272921,-2.4090625644197066,0.09
1,bridge floor drift,bridge_floor_drift,3,1.0070422268881671,0.01246620230079579,0.0,3.1,2.4447258446299207,-0.8675028033603602,-2.4090625644197066,0.09
1,bridge floor drift,bridge_floor_drift,4,1.006917971551647,0.016621603067727718,0.0,3.1,2.4446015892934003,-0.8633474025934282,-2.4090625644197066,0.09
1,bridge floor drift,bridge_floor_drift,5,1.0067937162151268,0.02077700383465965,0.0,3.1,2.4444773339568804,-0.8591920018264964,-2.4090625644197066,0.09
1,bridge floor drift,bridge_floor_drift,6,1.0066694608786066,0.02493240460159158,0.0,3.1,2.4443530786203604,-0.8550366010595644,-2.4090625644197066,0.09
1,bridge floor drift,bridge_floor_drift,7,1.0065452055420867,0.029087805368523505,0.0,3.1,2.44422882328384,-0.8508812002926325,-2.4090625644197066,0.09
1,bridge floor drift,bridge_floor_drift,8,1.0064209502055665,0.033243206135455436,0.0,3.1,2.44410456794732,-0.8467257995257006,-2.4090625644197066,0.09
1,bridge floor drift,bridge_floor_drift,9,1.0062966948690464,0.03739860690238737,0.0,3.1,2.4439803126108,-0.8425703987587686,-2.4090625644197066,0.09
1,bridge floor drift,bridge_floor_drift,10,1.0061724395325262,0.0415540076693193,0.0,3.1,2.44385605727428,-0.8384149979918367,-2.4090625644197066,0.09
1,bridge floor drift,bridge_floor_drift,11,1.006048184196006,0.04570940843625122,0.0,3.1,2.4437318019377594,-0.8342595972249047,-2.4090625644197066,0.09
1,bridge floor drift,bridge_floor_drift,12,1.005923928859486,0.04986480920318316,0.0,3.1,2.4436075466012395,-0.8301041964579728,-2.4090625644197066,0.09
1,bridge floor drift,bridge_floor_drift,13,1.0057996735229657,0.054020209970115085,0.0,3.1,2.4434832912647195,-0.825948795691041,-2.4090625644197066,0.09
1,bridge floor drift,bridge_floor_drift,14,2.018221389974512,0.0,0.0,3.1,3.4559050077162654,-0.879969005661156,-2.4090625644197066,0.09
1,bridge floor drift,bridge_floor_drift,15,2.0178587755051316,0.010216955853486103,0.0,3.1,3.455542393246885,-0.8697520498076698,-2.4090625644197066,0.09
1,bridge floor drift,bridge_floor_drift,16,2.017496161035752,0.020433911706972206,0.0,3.1,3.4551797787775054,-0.8595350939541838,-2.4090625644197066,0.09
1,bridge floor drift,bridge_floor_drift,17,2.0171335465663716,0.030650867560458307,0.0,3.1,3.454817164308125,-0.8493181381006977,-2.4090625644197066,0.09
1,bridge floor drift,bridge_floor_drift,18,2.0167709320969918,0.04086782341394441,0.0,3.1,3.4544545498387453,-0.8391011822472115,-2.4090625644197066,0.09
1,bridge floor drift,bridge_floor_drift,19,2.0164083176276115,0.05108477926743051,0.0,3.1,3.454091935369365,-0.8288842263937255,-2.4090625644197066,0.09
1,bridge floor drift,bridge_floor_drift,20,2.0160457031582313,0.06130173512091661,0.0,3.1,3.453729320899985,-0.8186672705402394,-2.4090625644197066,0.09
1,bridge floor drift,bridge_floor_drift,21,2.0156830886888515,0.07151869097440271,0.0,3.1,3.453366706430605,-0.8084503146867533,-2.4090625644197066,0.09
1,bridge floor drift,bridge_floor_drift,22,2.0153204742194712,0.08173564682788882,0.0,3.1,3.453004091961225,-0.7982333588332672,-2.4090625644197066,0.09
1,bridge floor drift,bridge_floor_drift,23,2.014957859750091,0.09195260268137492,0.0,3.1,3.4526414774918446,-0.788016402979781,-2.4090625644197066,0.09
1,bridge floor drift,bridge_floor_drift,24,2.014595245280711,0.10216955853486102,0.0,3.1,3.452278863022465,-0.777799447126295,-2.4090625644197066,0.09
1,bridge floor drift,bridge_floor_drift,25,2.014232630811331,0.11238651438834713,0.0,3.1,3.4519162485530845,-0.7675824912728089,-2.4090625644197066,0.09
1,bridge floor drift,bridge_floor_drift,26,2.013870016341951,0.12260347024183323,0.0,3.1,3.4515536340837047,-0.7573655354193227,-2.4090625644197066,0.09
1,bridge floor drift,bridge_floor_drift,27,2.013507401872571,0.13282042609531933,0.0,3.1,3.4511910196143245,-0.7471485795658367,-2.4090625644197066,0.09
1,bridge floor drift,bridge_floor_drift,28,-2.4323483519775393,-1.809728854065473,0.0,3.1,-0.9946647342357857,-2.6896978597266292,-2.4090625644197066,0.09
1,bridge floor drift,bridge_floor_drift,29,-2.415394162607702,-1.8298722125120574,0.0,3.1,-0.9777105448659484,-2.7098412181732137,-2.4090625644197066,0.09
1,bridge floor drift,bridge_floor_drift,30,-2.3984399732378647,-1.8500155709586419,0.0,3.1,-0.9607563554961112,-2.729984576619798,-2.4090625644197066,0.09
1,bridge floor drift,bridge_floor_drift,31,-2.381485783868028,-1.870158929405226,0.0,3.1,-0.9438021661262743,-2.750127935066382,-2.4090625644197066,0.09
1,bridge floor drift,bridge_floor_drift,32,-2.3645315944981906,-1.8903022878518105,0.0,3.1,-0.926847976756437,-2.7702712935129665,-2.4090625644197066,0.09
1,bridge floor drift,bridge_floor_drift,33,-2.3475774051283533,-1.910445646298395,0.0,3.1,-0.9098937873865998,-2.790414651959551,-2.4090625644197066,0.09
1,bridge floor drift,bridge_floor_drift,34,-2.330623215758516,-1.9305890047449794,0.0,3.1,-0.8929395980167625,-2.8105580104061354,-2.4090625644197066,0.09
1,bridge floor drift,bridge_floor_drift,35,-2.313669026388679,-1.9507323631915636,0.0,3.1,-0.8759854086469256,-2.8307013688527194,-2.4090625644197066,0.09
1,bridge floor drift,bridge_floor_drift,36,-2.296714837018842,-1.970875721638148,0.0,3.1,-0.8590312192770884,-2.850844727299304,-2.4090625644197066,0.09
1,bridge floor drift,bridge_floor_drift,37,-2.2797606476490047,-1.9910190800847325,0.0,3.1,-0.8420770299072511,-2.8709880857458883,-2.4090625644197066,0.09
1,bridge floor drift,bridge_floor_drift,38,-2.2628064582791674,-2.0111624385313167,0.0,3.1,-0.8251228405374138,-2.8911314441924727,-2.4090625644197066,0.09
1,bridge floor drift,bridge_floor_drift,39,-2.2458522689093305,-2.031305796977901,0.0,3.1,-0.808168651167577,-2.911274802639057,-2.4090625644197066,0.09
1,bridge floor drift,bridge_floor_drift,40,-2.2288980795394933,-2.0514491554244856,0.0,3.1,-0.7912144617977397,-2.9314181610856416,-2.4090625644197066,0.09
1,bridge floor drift,bridge_floor_drift,41,-2.211943890169656,-2.07159251387107,0.0,3.1,-0.7742602724279024,-2.951561519532226,-2.4090625644197066,0.09
1,bridge floor drift,bridge_floor_drift,42,4.0394720476610795,0.0,0.0,3.1,5.477155665402833,-0.879969005661156,-2.4090625644197066,0.09
1,bridge floor drift,bridge_floor_drift,43,4.038626433760202,0.022138105978137406,0.0,3.1,5.476310051501955,-0.8578308996830186,-2.4090625644197066,0.09
1,bridge floor drift,bridge_floor_drift,44,4.037780819859325,0.04427621195627481,0.0,3.1,5.475464437601079,-0.8356927937048811,-2.4090625644197066,0.09
1,bridge floor drift,bridge_floor_drift,45,4.036935205958447,0.06641431793441223,0.0,3.1,5.474618823700201,-0.8135546877267438,-2.4090625644197066,0.09
1,bridge floor drift,bridge_floor_drift,46,4.03608959205757,0.08855242391254962,0.0,3.1,5.473773209799323,-0.7914165817486064,-2.4090625644197066,0.09
1,bridge floor drift,bridge_floor_drift,47,4.035243978156693,0.11069052989068703,0.0,3.1,5.4729275958984465,-0.7692784757704689,-2.4090625644197066,0.09
1,bridge floor drift,bridge_floor_drift,48,4.034398364255815,0.13282863586882446,0.0,3.1,5.472081981997569,-0.7471403697923316,-2.4090625644197066,0.09
1,bridge floor drift,bridge_floor_drift,49,4.0335527503549375,0.15496674184696183,0.0,3.1,5.471236368096691,-0.7250022638141942,-2.4090625644197066,0.09
1,bridge floor drift,bridge_floor_drift,50,4.03270713645406,0.17710484782509925,0.0,3.1,5.470390754195813,-0.7028641578360567,-2.4090625644197066,0.09
1,bridge floor drift,bridge_floor_drift,51,4.031861522553183,0.19924295380323664,0.0,3.1,5.469545140294937,-0.6807260518579193,-2.4090625644197066,0.09
1,bridge floor drift,bridge_floor_drift,52,4.031015908652305,0.22138105978137407,0.0,3.1,5.468699526394059,-0.6585879458797819,-2.4090625644197066,0.09
1,bridge floor drift,bridge_floor_drift,53,4.030170294751428,0.24351916575951146,0.0,3.1,5.467853912493181,-0.6364498399016445,-2.4090625644197066,0.09
1,bridge floor drift,bridge_floor_drift,54,4.029324680850551,0.2656572717376489,0.0,3.1,5.4670082985923045,-0.6143117339235071,-2.4090625644197066,0.09
1,bridge floor drift,bridge_floor_drift,55,4.028479066949673,0.2877953777157863,0.0,3.1,5.466162684691427,-0.5921736279453698,-2.4090625644197066,0.09
1,bridge floor drift,bridge_floor_drift,56,-0.7394680706441341,4.994137092425882,0.0,3.1,0.6982155470976195,4.114168086764726,-2.4090625644197066,0.09
1,bridge floor drift,bridge_floor_drift,57,-0.8133117930884181,4.97548568890844,0.0,3.1,0.6243718246533355,4.095516683247284,-2.4090625644197066,0.09
1,bridge floor drift,bridge_floor_drift,58,-0.8871555155327019,4.956834285390997,0.0,3.1,0.5505281022090517,4.076865279729841,-2.4090625644197066,0.09
1,bridge floor drift,bridge_floor_drift,59,-0.9609992379769858,4.938182881873553,0.0,3.1,0.47668437976476774,4.058213876212397,-2.4090625644197066,0.09
1,bridge floor drift,bridge_floor_drift,60,-1.0348429604212697,4.91953147835611,0.0,3.1,0.4028406573204839,4.039562472694954,-2.4090625644197066,0.09
1,bridge floor drift,bridge_floor_drift,61,-1.1086866828655537,4.900880074838668,0.0,3.1,0.32899693487619985,4.020911069177512,-2.4090625644197066,0.09
1,bridge floor drift,bridge_floor_drift,62,-1.1825304053098376,4.882228671321225,0.0,3.1,0.255153212431916,4.002259665660069,-2.4090625644197066,0.09
1,bridge floor drift,bridge_floor_drift,63,-1.2563741277541214,4.863577267803781,0.0,3.1,0.1813094899876322,3.983608262142625,-2.4090625644197066,0.09
1,bridge floor drift,bridge_floor_drift,64,-1.3302178501984052,4.844925864286338,0.0,3.1,0.10746576754334836,3.9649568586251824,-2.4090625644197066,0.09
1,bridge floor drift,bridge_floor_drift,65,-1.4040615726426893,4.826274460768896,0.0,3.1,0.0336220450990643,3.9463054551077397,-2.4090625644197066,0.09
1,bridge floor drift,bridge_floor_drift,66,-1.4779052950869733,4.807623057251453,0.0,3.1,-0.04022167734521975,3.927654051590297,-2.4090625644197066,0.09
1,bridge floor drift,bridge_floor_drift,67,-1.551749017531257,4.788971653734009,0.0,3.1,-0.11406539978950336,3.9090026480728532,-2.4090625644197066,0.09
1,bridge floor drift,bridge_floor_drift,68,-1.625592739975541,4.7703202502165665,0.0,3.1,-0.18790912223378742,3.8903512445554105,-2.4090625644197066,0.09
1,bridge floor drift,bridge_floor_drift,69,-1.6994364624198248,4.751668846699124,0.0,3.1,-0.26175284467807125,3.8716998410379677,-2.4090625644197066,0.09
1,bridge floor drift,bridge_floor_drift,70,-4.860254128065214,-3.6161523190127602,0.0,3.1,-3.4225705103234603,-4.496121324673917,-2.4090625644197066,0.09
1,bridge floor drift,bridge_floor_drift,71,-4.829183096886854,-3.6533775999006517,0.0,3.1,-3.3914994791451,-4.533346605561808,-2.4090625644197066,0.09
1,bridge floor drift,bridge_floor_drift,72,-4.7981120657084935,-3.690602880788543,0.0,3.1,-3.36042844796674,-4.570571886449699,-2.4090625644197066,0.09
1,bridge floor drift,bridge_floor_drift,73,-4.767041034530133,-3.7278281616764346,0.0,3.1,-3.3293574167883797,-4.607797167337591,-2.4090625644197066,0.09
1,bridge floor drift,bridge_floor_drift,74,-4.735970003351774,-3.765053442564326,0.0,3.1,-3.2982863856100204,-4.6450224482254825,-2.4090625644197066,0.09
1,bridge floor drift,bridge_floor_drift,75,-4.704898972173414,-3.8022787234522175,0.0,3.1,-3.2672153544316602,-4.6822477291133735,-2.4090625644197066,0.09
1,bridge floor drift,bridge_floor_drift,76,-4.673827940995054,-3.839504004340109,0.0,3.1,-3.2361443232533,-4.7194730100012645,-2.4090625644197066,0.09
1,bridge floor drift,bridge_floor_drift,77,-4.642756909816693,-3.8767292852280004,0.0,3.1,-3.20507329207494,-4.756698290889156,-2.4090625644197066,0.09
1,bridge floor drift,bridge_floor_drift,78,-4.611685878638333,-3.913954566115892,0.0,3.1,-3.1740022608965797,-4.793923571777048,-2.4090625644197066,0.09
1,bridge floor drift,bridge_floor_drift,79,-4.580614847459973,-3.9511798470037833,0.0,3.1,-3.1429312297182195,-4.831148852664939,-2.4090625644197066,0.09
1,bridge floor drift,bridge_floor_drift,80,-4.549543816281613,-3.988405127891675,0.0,3.1,-3.1118601985398593,-4.86837413355283,-2.4090625644197066,0.09
1,bridge floor drift,bridge_floor_drift,81,-4.518472785103254,-4.025630408779566,0.0,3.1,-3.0807891673615,-4.905599414440722,-2.4090625644197066,0.09
1,bridge floor drift,bridge_floor_drift,82,-4.487401753924893,-4.062855689667458,0.0,3.1,-3.04971813618314,-4.942824695328614,-2.4090625644197066,0.09
1,bridge floor drift,bridge_floor_drift,83,-4.456330722746533,-4.100080970555349,0.0,3.1,-3.0186471050047796,-4.980049976216505,-2.4090625644197066,0.09
1,bridge floor drift,bridge_floor_drift,84,3.061775352844224,-6.371527524777776,0.0,3.1,4.4994589705859775,-7.251496530438932,-2.4090625644197066,0.09
1,bridge floor drift,bridge_floor_drift,85,3.1264576055573015,-6.334645836910655,0.0,3.1,4.564141223299055,-7.214614842571811,-2.4090625644197066,0.09
1,bridge floor drift,bridge_floor_drift,86,3.191139858270379,-6.297764149043533,0.0,3.1,4.6288234760121325,-7.177733154704689,-2.4090625644197066,0.09
1,bridge floor drift,bridge_floor_drift,87,3.2558221109834564,-6.260882461176411,0.0,3.1,4.69350572872521,-7.140851466837567,-2.4090625644197066,0.09
1,bridge floor drift,bridge_floor_drift,88,3.320504363696534,-6.224000773309289,0.0,3.1,4.7581879814382875,-7.103969778970445,-2.4090625644197066,0.09
1,bridge floor drift,bridge_floor_drift,89,3.3851866164096114,-6.187119085442167,0.0,3.1,4.822870234151365,-7.067088091103323,-2.4090625644197066,0.09
1,bridge floor drift,bridge_floor_drift,90,3.449868869122689,-6.1502373975750455,0.0,3.1,4.887552486864442,-7.0302064032362015,-2.4090625644197066,0.09
1,bridge floor drift,bridge_floor_drift,91,3.5145511218357663,-6.113355709707924,0.0,3.1,4.95223473957752,-6.99332471536908,-2.4090625644197066,0.09
1,bridge floor drift,bridge_floor_drift,92,3.5792333745488443,-6.076474021840802,0.0,3.1,5.016916992290598,-6.956443027501958,-2.4090625644197066,0.09
1,bridge floor drift,bridge_floor_drift,93,3.6439156272619218,-6.039592333973681,0.0,3.1,5.081599245003675,-6.9195613396348365,-2.4090625644197066,0.09
1,bridge floor drift,bridge_floor_drift,94,3.7085978799749992,-6.002710646106558,0.0,3.1,5.146281497716753,-6.882679651767714,-2.4090625644197066,0.09
1,bridge floor drift,bridge_floor_drift,95,3.7732801326880767,-5.965828958239436,0.0,3.1,5.21096375042983,-6.845797963900592,-2.4090625644197066,0.09
1,bridge floor drift,bridge_floor_drift,96,3.837962385401154,-5.928947270372315,0.0,3.1,5.275646003142908,-6.808916276033471,-2.4090625644197066,0.09
1,bridge floor drift,bridge_floor_drift,97,3.9026446381142317,-5.892065582505193,0.0,3.1,5.340328255855985,-6.772034588166349,-2.4090625644197066,0.09
1,bridge floor drift,bridge_floor_drift,98,8.07801677272729,0.0,0.0,3.1,9.515700390469043,-0.879969005661156,-2.4090625644197066,0.09
1,bridge floor drift,bridge_floor_drift,99,8.076398722605834,0.04375172812232026,0.0,3.1,9.514082340347588,-0.8362172775388357,-2.4090625644197066,0.09
1,bridge floor drift,bridge_floor_drift,100,8.074780672484376,0.08750345624464052,0.0,3.1,9.51246429022613,-0.7924655494165155,-2.4090625644197066,0.09
1,bridge floor drift,bridge_floor_drift,101,8.07316262236292,0.1312551843669608,0.0,3.1,9.510846240104673,-0.7487138212941952,-2.4090625644197066,0.09
1,bridge floor drift,bridge_floor_drift,102,8.071544572241462,0.17500691248928105,0.0,3.1,9.509228189983215,-0.704962093171875,-2.4090625644197066,0.09
1,bridge floor drift,bridge_floor_drift,103,8.069926522120006,0.2187586406116013,0.0,3.1,9.507610139861761,-0.6612103650495547,-2.4090625644197066,0.09
1,bridge floor drift,bridge_floor_drift,104,8.068308471998549,0.2625103687339216,0.0,3.1,9.505992089740303,-0.6174586369272344,-2.4090625644197066,0.09
1,bridge floor drift,bridge_floor_drift,105,8.066690421877093,0.3062620968562418,0.0,3.1,9.504374039618845,-0.5737069088049143,-2.4090625644197066,0.09
1,bridge floor drift,bridge_floor_drift,106,8.065072371755635,0.3500138249785621,0.0,3.1,9.502755989497388,-0.529955180682594,-2.4090625644197066,0.09
1,bridge floor drift,bridge_floor_drift,107,8.063454321634179,0.39376555310088235,0.0,3.1,9.501137939375933,-0.48620345256027364,-2.4090625644197066,0.09
1,bridge floor drift,bridge_floor_drift,108,8.061836271512721,0.4375172812232026,0.0,3.1,9.499519889254476,-0.4424517244379534,-2.4090625644197066,0.09
1,bridge floor drift,bridge_floor_drift,109,8.060218221391265,0.48126900934552286,0.0,3.1,9.497901839133018,-0.39869999631563313,-2.4090625644197066,0.09
1,bridge floor drift,bridge_floor_drift,110,8.058600171269807,0.5250207374678432,0.0,3.1,9.49628378901156,-0.3549482681933128,-2.4090625644197066,0.09
1,bridge floor drift,bridge_floor_drift,111,8.056982121148351,0.5687724655901634,0.0,3.1,9.494665738890106,-0.3111965400709926,-2.4090625644197066,0.09
1,bridge floor drift,bridge_floor_drift,112,6.229408618322314,6.6123020971099,0.0,3.1,7.667092236064067,5.732333091448744,-2.4090625644197066,0.09
1,bridge floor drift,bridge_floor_drift,113,6.189799909768492,6.646684288172626,0.0,3.1,7.627483527510246,5.76671528251147,-2.4090625644197066,0.09
1,bridge floor drift,bridge_floor_drift,114,6.150191201214671,6.681066479235351,0.0,3.1,7.587874818956425,5.801097473574195,-2.4090625644197066,0.09
1,bridge floor drift,bridge_floor_drift,115,6.110582492660849,6.715448670298077,0.0,3.1,7.5482661104026025,5.835479664636921,-2.4090625644197066,0.09
1,bridge floor drift,bridge_floor_drift,116,6.070973784107028,6.7498308613608025,0.0,3.1,7.508657401848781,5.8698618556996465,-2.4090625644197066,0.09
1,bridge floor drift,bridge_floor_drift,117,6.0313650755532064,6.784213052423528,0.0,3.1,7.46904869329496,5.904244046762372,-2.4090625644197066,0.09
1,bridge floor drift,bridge_floor_drift,118,5.991756366999385,6.818595243486254,0.0,3.1,7.429439984741139,5.938626237825098,-2.4090625644197066,0.09
1,bridge floor drift,bridge_floor_drift,119,5.952147658445563,6.852977434548978,0.0,3.1,7.389831276187317,5.973008428887822,-2.4090625644197066,0.09
1,bridge floor drift,bridge_floor_drift,120,5.912538949891742,6.887359625611704,0.0,3.1,7.350222567633495,6.007390619950548,-2.4090625644197066,0.09
1,bridge floor drift,bridge_floor_drift,121,5.8729302413379205,6.921741816674429,0.0,3.1,7.310613859079674,6.041772811013273,-2.4090625644197066,0.09
1,bridge floor drift,bridge_floor_drift,122,5.833321532784099,6.956124007737155,0.0,3.1,7.271005150525853,6.076155002075999,-2.4090625644197066,0.09
1,bridge floor drift,bridge_floor_drift,123,5.793712824230277,6.99050619879988,0.0,3.1,7.231396441972031,6.1105371931387245,-2.4090625644197066,0.09
1,bridge floor drift,bridge_floor_drift,124,5.754104115676456,7.024888389862606,0.0,3.1,7.191787733418209,6.14491938420145,-2.4090625644197066,0.09
1,bridge floor drift,bridge_floor_drift,125,5.714495407122635,7.0592705809253316,0.0,3.1,7.152179024864388,6.179301575264176,-2.4090625644197066,0.09
1,bridge floor drift,bridge_floor_drift,126,-1.4782379581160499,9.983558873108091,0.0,3.1,-0.04055434037429628,9.103589867446935,-2.4090625644197066,0.09
1,bridge floor drift,bridge_floor_drift,127,-1.6216670534456832,9.947517560767002,0.0,3.1,-0.1839834357039296,9.067548555105846,-2.4090625644197066,0.09
1,bridge floor drift,bridge_floor_drift,128,-1.7650961487753167,9.911476248425915,0.0,3.1,-0.32741253103356316,9.031507242764759,-2.4090625644197066,0.09
1,bridge floor drift,bridge_floor_drift,129,-1.90852524410495,9.875434936084826,0.0,3.1,-0.4708416263631965,8.99546593042367,-2.4090625644197066,0.09
1,bridge floor drift,bridge_floor_drift,130,-2.0519543394345834,9.839393623743739,0.0,3.1,-0.6142707216928298,8.959424618082583,-2.4090625644197066,0.09
1,bridge floor drift,bridge_floor_drift,131,-2.1953834347642167,9.80335231140265,0.0,3.1,-0.7576998170224631,8.923383305741494,-2.4090625644197066,0.09
1,bridge floor drift,bridge_floor_drift,132,-2.33881253009385,9.767310999061563,0.0,3.1,-0.9011289123520965,8.887341993400407,-2.4090625644197066,0.09
1,bridge floor drift,bridge_floor_drift,133,-2.4822416254234834,9.731269686720474,0.0,3.1,-1.0445580076817298,8.851300681059318,-2.4090625644197066,0.09
1,bridge floor drift,bridge_floor_drift,134,-2.625670720753117,9.695228374379386,0.0,3.1,-1.1879871030113636,8.81525936871823,-2.4090625644197066,0.09
1,bridge floor drift,bridge_floor_drift,135,-2.7690998160827505,9.659187062038297,0.0,3.1,-1.331416198340997,8.779218056377141,-2.4090625644197066,0.09
1,bridge floor drift,bridge_floor_drift,136,-2.912528911412384,9.62314574969721,0.0,3.1,-1.4748452936706302,8.743176744036054,-2.4090625644197066,0.09
1,bridge floor drift,bridge_floor_drift,137,-3.055958006742017,9.587104437356121,0.0,3.1,-1.6182743890002635,8.707135431694965,-2.4090625644197066,0.09
1,bridge floor drift,bridge_floor_drift,138,-3.1993871020716504,9.551063125015034,0.0,3.1,-1.7617034843298969,8.671094119353878,-2.4090625644197066,0.09
1,bridge floor drift,bridge_floor_drift,139,-3.3428161974012838,9.515021812673945,0.0,3.1,-1.9051325796595302,8.635052807012789,-2.4090625644197066,0.09
1,bridge floor drift,bridge_floor_drift,140,-10.539370237547393,3.4920589984959647,0.0,3.1,-9.10168661980564,2.6120899928348087,-2.4090625644197066,0.09
1,bridge floor drift,bridge_floor_drift,141,-10.571217450675347,3.3576756791965168,0.0,3.1,-9.133533832933594,2.477706673535361,-2.4090625644197066,0.09
1,bridge floor drift,bridge_floor_drift,142,-10.603064663803302,3.2232923598970684,0.0,3.1,-9.165381046061547,2.3433233542359124,-2.4090625644197066,0.09
1,bridge floor drift,bridge_floor_drift,143,-10.634911876931255,3.0889090405976205,0.0,3.1,-9.197228259189501,2.2089400349364645,-2.4090625644197066,0.09
1,bridge floor drift,bridge_floor_drift,144,-10.66675909005921,2.9545257212981726,0.0,3.1,-9.229075472317458,2.0745567156370166,-2.4090625644197066,0.09
1,bridge floor drift,bridge_floor_drift,145,-10.698606303187164,2.8201424019987247,0.0,3.1,-9.260922685445411,1.9401733963375687,-2.4090625644197066,0.09
1,bridge floor drift,bridge_floor_drift,146,-10.730453516315118,2.6857590826992768,0.0,3.1,-9.292769898573365,1.8057900770381208,-2.4090625644197066,0.09
1,bridge floor drift,bridge_floor_drift,147,-10.762300729443073,2.551375763399829,0.0,3.1,-9.324617111701318,1.6714067577386729,-2.4090625644197066,0.09
1,bridge floor drift,bridge_floor_drift,148,-10.794147942571026,2.4169924441003805,0.0,3.1,-9.356464324829272,1.5370234384392245,-2.4090625644197066,0.09
1,bridge floor drift,bridge_floor_drift,149,-10.82599515569898,2.2826091248009326,0.0,3.1,-9.388311537957225,1.4026401191397766,-2.4090625644197066,0.09
1,bridge floor drift,bridge_floor_drift,150,-10.857842368826935,2.1482258055014842,0.0,3.1,-9.420158751085182,1.2682567998403282,-2.4090625644197066,0.09
1,bridge floor drift,bridge_floor_drift,151,-10.889689581954888,2.0138424862020363,0.0,3.1,-9.452005964213136,1.1338734805408803,-2.4090625644197066,0.09
1,bridge floor drift,bridge_floor_drift,152,-10.921536795082844,1.8794591669025884,0.0,3.1,-9.48385317734109,0.9994901612414324,-2.4090625644197066,0.09
1,bridge floor drift,bridge_floor_drift,153,-10.953384008210797,1.7450758476031405,0.0,3.1,-9.515700390469043,0.8651068419419845,-2.4090625644197066,0.09
1,bridge floor drift,bridge_floor_drift,154,-9.7228476497014,-7.2340452061653435,0.0,3.1,-8.285164031959646,-8.1140142118265,-2.4090625644197066,0.09
1,bridge floor drift,bridge_floor_drift,155,-9.65929016261544,-7.310166410443839,0.0,3.1,-8.221606544873687,-8.190135416104994,-2.4090625644197066,0.09
1,bridge floor drift,bridge_floor_drift,156,-9.59573267552948,-7.386287614722334,0.0,3.1,-8.158049057787725,-8.26625662038349,-2.4090625644197066,0.09
1,bridge floor drift,bridge_floor_drift,157,-9.532175188443519,-7.462408819000829,0.0,3.1,-8.094491570701766,-8.342377824661984,-2.4090625644197066,0.09
1,bridge floor drift,bridge_floor_drift,158,-9.468617701357557,-7.538530023279324,0.0,3.1,-8.030934083615804,-8.41849902894048,-2.4090625644197066,0.09
1,bridge floor drift,bridge_floor_drift,159,-9.405060214271597,-7.614651227557819,0.0,3.1,-7.967376596529843,-8.494620233218974,-2.4090625644197066,0.09
1,bridge floor drift,bridge_floor_drift,160,-9.341502727185636,-7.690772431836314,0.0,3.1,-7.903819109443883,-8.570741437497471,-2.4090625644197066,0.09
1,bridge floor drift,bridge_floor_drift,161,-9.277945240099676,-7.766893636114808,0.0,3.1,-7.8402616223579225,-8.646862641775964,-2.4090625644197066,0.09
1,bridge floor drift,bridge_floor_drift,162,-9.214387753013716,-7.8430148403933035,0.0,3.1,-7.776704135271962,-8.72298384605446,-2.4090625644197066,0.09
1,bridge floor drift,bridge_floor_drift,163,-9.150830265927755,-7.919136044671799,0.0,3.1,-7.713146648186002,-8.799105050332955,-2.4090625644197066,0.09
1,bridge floor drift,bridge_floor_drift,164,-9.087272778841793,-7.995257248950294,0.0,3.1,-7.64958916110004,-8.87522625461145,-2.4090625644197066,0.09
1,bridge floor drift,bridge_floor_drift,165,-9.023715291755833,-8.071378453228789,0.0,3.1,-7.586031674014079,-8.951347458889945,-2.4090625644197066,0.09
1,bridge floor drift,bridge_floor_drift,166,-8.960157804669873,-8.147499657507284,0.0,3.1,-7.522474186928119,-9.02746866316844,-2.4090625644197066,0.09
1,bridge floor drift,bridge_floor_drift,167,-8.896600317583912,-8.22362086178578,0.0,3.1,-7.458916699842159,-9.103589867446935,-2.4090625644197066,0.09
2,observed floor anchors,observed_floor_anchors,0,1.0057996735229657,0.054020209970115085,0.0,9.0,2.4434832912647195,-0.825948795691041,-2.4090625644197066,0.10393693295427564
2,observed floor anchors,observed_floor_anchors,1,2.013507401872571,0.13282042609531933,0.0,9.0,3.4511910196143245,-0.7471485795658367,-2.4090625644197066,0.10393693295427564
2,observed floor anchors,observed_floor_anchors,2,-2.211943890169656,-2.07159251387107,0.0,9.0,-0.7742602724279024,-2.951561519532226,-2.4090625644197066,0.10393693295427564
2,observed floor anchors,observed_floor_anchors,3,4.028479066949673,0.2877953777157863,0.0,9.0,5.466162684691427,-0.5921736279453698,-2.4090625644197066,0.10393693295427564
2,observed floor anchors,observed_floor_anchors,4,-1.6994364624198248,4.751668846699124,0.0,9.0,-0.26175284467807125,3.8716998410379677,-2.4090625644197066,0.10393693295427564
2,observed floor anchors,observed_floor_anchors,5,-4.456330722746533,-4.100080970555349,0.0,9.0,-3.0186471050047796,-4.980049976216505,-2.4090625644197066,0.10393693295427564
2,observed floor anchors,observed_floor_anchors,6,3.9026446381142317,-5.892065582505193,0.0,9.0,5.340328255855985,-6.772034588166349,-2.4090625644197066,0.10393693295427564
2,observed floor anchors,observed_floor_anchors,7,8.056982121148351,0.5687724655901634,0.0,9.0,9.494665738890106,-0.3111965400709926,-2.4090625644197066,0.10393693295427564
2,observed floor anchors,observed_floor_anchors,8,5.714495407122635,7.0592705809253316,0.0,9.0,7.152179024864388,6.179301575264176,-2.4090625644197066,0.10393693295427564
2,observed floor anchors,observed_floor_anchors,9,-3.3428161974012838,9.515021812673945,0.0,9.0,-1.9051325796595302,8.635052807012789,-2.4090625644197066,0.10393693295427564
2,observed floor anchors,observed_floor_anchors,10,-10.953384008210797,1.7450758476031405,0.0,9.0,-9.515700390469043,0.8651068419419845,-2.4090625644197066,0.10393693295427564
2,observed floor anchors,observed_floor_anchors,11,-8.896600317583912,-8.22362086178578,0.0,9.0,-7.458916699842159,-9.103589867446935,-2.4090625644197066,0.10393693295427564
3,bridge lift to time,bridge_lift_to_time,0,1.0057996735229657,0.054020209970115085,0.0,3.1,2.4434832912647195,-0.825948795691041,-2.4090625644197066,0.09
3,bridge lift to time,bridge_lift_to_time,1,1.0057996735229657,0.054020209970115085,0.07325920111634399,3.1,2.4434832912647195,-0.825948795691041,-2.042766558837987,0.09
3,bridge lift to time,bridge_lift_to_time,2,1.0057996735229657,0.054020209970115085,0.14651840223268797,3.1,2.4434832912647195,-0.825948795691041,-1.6764705532562667,0.09
3,bridge lift to time,bridge_lift_to_time,3,1.0057996735229657,0.054020209970115085,0.21977760334903196,3.1,2.4434832912647195,-0.825948795691041,-1.3101745476745468,0.09
3,bridge lift to time,bridge_lift_to_time,4,1.0057996735229657,0.054020209970115085,0.29303680446537594,3.1,2.4434832912647195,-0.825948795691041,-0.9438785420928268,0.09
3,bridge lift to time,bridge_lift_to_time,5,1.0057996735229657,0.054020209970115085,0.36629600558171993,3.1,2.4434832912647195,-0.825948795691041,-0.5775825365111069,0.09
3,bridge lift to time,bridge_lift_to_time,6,1.0057996735229657,0.054020209970115085,0.4395552066980639,3.1,2.4434832912647195,-0.825948795691041,-0.21128653092938698,0.09
3,bridge lift to time,bridge_lift_to_time,7,1.0057996735229657,0.054020209970115085,0.5128144078144078,3.1,2.4434832912647195,-0.825948795691041,0.15500947465233228,0.09
3,bridge lift to time,bridge_lift_to_time,8,1.0057996735229657,0.054020209970115085,0.5860736089307519,3.1,2.4434832912647195,-0.825948795691041,0.5213054802340529,0.09
3,bridge lift to time,bridge_lift_to_time,9,1.0057996735229657,0.054020209970115085,0.6593328100470958,3.1,2.4434832912647195,-0.825948795691041,0.8876014858157721,0.09
3,bridge lift to time,bridge_lift_to_time,10,1.0057996735229657,0.054020209970115085,0.7325920111634399,3.1,2.4434832912647195,-0.825948795691041,1.2538974913974927,0.09
3,bridge lift to time,bridge_lift_to_time,11,1.0057996735229657,0.054020209970115085,0.8058512122797837,3.1,2.4434832912647195,-0.825948795691041,1.6201934969792124,0.09
3,bridge lift to time,bridge_lift_to_time,12,1.0057996735229657,0.054020209970115085,0.8791104133961278,3.1,2.4434832912647195,-0.825948795691041,1.9864895025609326,0.09
3,bridge lift to time,bridge_lift_to_time,13,1.0057996735229657,0.054020209970115085,0.9523696145124717,3.1,2.4434832912647195,-0.825948795691041,2.352785508142652,0.09
3,bridge lift to time,bridge_lift_to_time,14,2.013507401872571,0.13282042609531933,0.0,3.1,3.4511910196143245,-0.7471485795658367,-2.4090625644197066,0.09
3,bridge lift to time,bridge_lift_to_time,15,2.013507401872571,0.13282042609531933,0.07087739289341426,3.1,3.4511910196143245,-0.7471485795658367,-2.054675599952635,0.09
3,bridge lift to time,bridge_lift_to_time,16,2.013507401872571,0.13282042609531933,0.1417547857868285,3.1,3.4511910196143245,-0.7471485795658367,-1.700288635485564,0.09
3,bridge lift to time,bridge_lift_to_time,17,2.013507401872571,0.13282042609531933,0.21263217868024278,3.1,3.4511910196143245,-0.7471485795658367,-1.3459016710184926,0.09
3,bridge lift to time,bridge_lift_to_time,18,2.013507401872571,0.13282042609531933,0.283509571573657,3.1,3.4511910196143245,-0.7471485795658367,-0.9915147065514214,0.09
3,bridge lift to time,bridge_lift_to_time,19,2.013507401872571,0.13282042609531933,0.3543869644670713,3.1,3.4511910196143245,-0.7471485795658367,-0.63712774208435,0.09
3,bridge lift to time,bridge_lift_to_time,20,2.013507401872571,0.13282042609531933,0.42526435736048557,3.1,3.4511910196143245,-0.7471485795658367,-0.28274077761727856,0.09
3,bridge lift to time,bridge_lift_to_time,21,2.013507401872571,0.13282042609531933,0.4961417502538998,3.1,3.4511910196143245,-0.7471485795658367,0.0716461868497924,0.09
3,bridge lift to time,bridge_lift_to_time,22,2.013507401872571,0.13282042609531933,0.567019143147314,3.1,3.4511910196143245,-0.7471485795658367,0.4260331513168638,0.09
3,bridge lift to time,bridge_lift_to_time,23,2.013507401872571,0.13282042609531933,0.6378965360407283,3.1,3.4511910196143245,-0.7471485795658367,0.7804201157839348,0.09
3,bridge lift to time,bridge_lift_to_time,24,2.013507401872571,0.13282042609531933,0.7087739289341426,3.1,3.4511910196143245,-0.7471485795658367,1.1348070802510066,0.09
3,bridge lift to time,bridge_lift_to_time,25,2.013507401872571,0.13282042609531933,0.7796513218275568,3.1,3.4511910196143245,-0.7471485795658367,1.4891940447180776,0.09
3,bridge lift to time,bridge_lift_to_time,26,2.013507401872571,0.13282042609531933,0.8505287147209711,3.1,3.4511910196143245,-0.7471485795658367,1.8435810091851494,0.09
3,bridge lift to time,bridge_lift_to_time,27,2.013507401872571,0.13282042609531933,0.9214061076143854,3.1,3.4511910196143245,-0.7471485795658367,2.19796797365222,0.09
3,bridge lift to time,bridge_lift_to_time,28,-2.211943890169656,-2.07159251387107,0.0,3.1,-0.7742602724279024,-2.951561519532226,-2.4090625644197066,0.09
3,bridge lift to time,bridge_lift_to_time,29,-2.211943890169656,-2.07159251387107,0.07325920111634399,3.1,-0.7742602724279024,-2.951561519532226,-2.042766558837987,0.09
3,bridge lift to time,bridge_lift_to_time,30,-2.211943890169656,-2.07159251387107,0.14651840223268797,3.1,-0.7742602724279024,-2.951561519532226,-1.6764705532562667,0.09
3,bridge lift to time,bridge_lift_to_time,31,-2.211943890169656,-2.07159251387107,0.21977760334903196,3.1,-0.7742602724279024,-2.951561519532226,-1.3101745476745468,0.09
3,bridge lift to time,bridge_lift_to_time,32,-2.211943890169656,-2.07159251387107,0.29303680446537594,3.1,-0.7742602724279024,-2.951561519532226,-0.9438785420928268,0.09
3,bridge lift to time,bridge_lift_to_time,33,-2.211943890169656,-2.07159251387107,0.36629600558171993,3.1,-0.7742602724279024,-2.951561519532226,-0.5775825365111069,0.09
3,bridge lift to time,bridge_lift_to_time,34,-2.211943890169656,-2.07159251387107,0.4395552066980639,3.1,-0.7742602724279024,-2.951561519532226,-0.21128653092938698,0.09
3,bridge lift to time,bridge_lift_to_time,35,-2.211943890169656,-2.07159251387107,0.5128144078144078,3.1,-0.7742602724279024,-2.951561519532226,0.15500947465233228,0.09
3,bridge lift to time,bridge_lift_to_time,36,-2.211943890169656,-2.07159251387107,0.5860736089307519,3.1,-0.7742602724279024,-2.951561519532226,0.5213054802340529,0.09
3,bridge lift to time,bridge_lift_to_time,37,-2.211943890169656,-2.07159251387107,0.6593328100470958,3.1,-0.7742602724279024,-2.951561519532226,0.8876014858157721,0.09
3,bridge lift to time,bridge_lift_to_time,38,-2.211943890169656,-2.07159251387107,0.7325920111634399,3.1,-0.7742602724279024,-2.951561519532226,1.2538974913974927,0.09
3,bridge lift to time,bridge_lift_to_time,39,-2.211943890169656,-2.07159251387107,0.8058512122797837,3.1,-0.7742602724279024,-2.951561519532226,1.6201934969792124,0.09
3,bridge lift to time,bridge_lift_to_time,40,-2.211943890169656,-2.07159251387107,0.8791104133961278,3.1,-0.7742602724279024,-2.951561519532226,1.9864895025609326,0.09
3,bridge lift to time,bridge_lift_to_time,41,-2.211943890169656,-2.07159251387107,0.9523696145124717,3.1,-0.7742602724279024,-2.951561519532226,2.352785508142652,0.09
3,bridge lift to time,bridge_lift_to_time,42,4.028479066949673,0.2877953777157863,0.0,3.1,5.466162684691427,-0.5921736279453698,-2.4090625644197066,0.09
3,bridge lift to time,bridge_lift_to_time,43,4.028479066949673,0.2877953777157863,0.06914899093817262,3.1,5.466162684691427,-0.5921736279453698,-2.0633176097288435,0.09
3,bridge lift to time,bridge_lift_to_time,44,4.028479066949673,0.2877953777157863,0.13829798187634523,3.1,5.466162684691427,-0.5921736279453698,-1.7175726550379804,0.09
3,bridge lift to time,bridge_lift_to_time,45,4.028479066949673,0.2877953777157863,0.20744697281451785,3.1,5.466162684691427,-0.5921736279453698,-1.3718277003471173,0.09
3,bridge lift to time,bridge_lift_to_time,46,4.028479066949673,0.2877953777157863,0.27659596375269047,3.1,5.466162684691427,-0.5921736279453698,-1.0260827456562542,0.09
3,bridge lift to time,bridge_lift_to_time,47,4.028479066949673,0.2877953777157863,0.3457449546908631,3.1,5.466162684691427,-0.5921736279453698,-0.6803377909653912,0.09
3,bridge lift to time,bridge_lift_to_time,48,4.028479066949673,0.2877953777157863,0.4148939456290357,3.1,5.466162684691427,-0.5921736279453698,-0.33459283627452807,0.09
3,bridge lift to time,bridge_lift_to_time,49,4.028479066949673,0.2877953777157863,0.4840429365672083,3.1,5.466162684691427,-0.5921736279453698,0.01115211841633501,0.09
3,bridge lift to time,bridge_lift_to_time,50,4.028479066949673,0.2877953777157863,0.5531919275053809,3.1,5.466162684691427,-0.5921736279453698,0.3568970731071981,0.09
3,bridge lift to time,bridge_lift_to_time,51,4.028479066949673,0.2877953777157863,0.6223409184435535,3.1,5.466162684691427,-0.5921736279453698,0.7026420277980612,0.09
3,bridge lift to time,bridge_lift_to_time,52,4.028479066949673,0.2877953777157863,0.6914899093817262,3.1,5.466162684691427,-0.5921736279453698,1.0483869824889243,0.09
3,bridge lift to time,bridge_lift_to_time,53,4.028479066949673,0.2877953777157863,0.7606389003198988,3.1,5.466162684691427,-0.5921736279453698,1.3941319371797873,0.09
3,bridge lift to time,bridge_lift_to_time,54,4.028479066949673,0.2877953777157863,0.8297878912580714,3.1,5.466162684691427,-0.5921736279453698,1.7398768918706504,0.09
3,bridge lift to time,bridge_lift_to_time,55,4.028479066949673,0.2877953777157863,0.898936882196244,3.1,5.466162684691427,-0.5921736279453698,2.0856218465615135,0.09
3,bridge lift to time,bridge_lift_to_time,56,-1.6994364624198248,4.751668846699124,0.0,3.1,-0.26175284467807125,3.8716998410379677,-2.4090625644197066,0.09
3,bridge lift to time,bridge_lift_to_time,57,-1.6994364624198248,4.751668846699124,0.07412500198214482,3.1,-0.26175284467807125,3.8716998410379677,-2.0384375545089823,0.09
3,bridge lift to time,bridge_lift_to_time,58,-1.6994364624198248,4.751668846699124,0.14825000396428964,3.1,-0.26175284467807125,3.8716998410379677,-1.6678125445982583,0.09
3,bridge lift to time,bridge_lift_to_time,59,-1.6994364624198248,4.751668846699124,0.22237500594643447,3.1,-0.26175284467807125,3.8716998410379677,-1.2971875346875341,0.09
3,bridge lift to time,bridge_lift_to_time,60,-1.6994364624198248,4.751668846699124,0.2965000079285793,3.1,-0.26175284467807125,3.8716998410379677,-0.9265625247768101,0.09
3,bridge lift to time,bridge_lift_to_time,61,-1.6994364624198248,4.751668846699124,0.3706250099107241,3.1,-0.26175284467807125,3.8716998410379677,-0.5559375148660859,0.09
3,bridge lift to time,bridge_lift_to_time,62,-1.6994364624198248,4.751668846699124,0.44475001189286895,3.1,-0.26175284467807125,3.8716998410379677,-0.18531250495536167,0.09
3,bridge lift to time,bridge_lift_to_time,63,-1.6994364624198248,4.751668846699124,0.5188750138750137,3.1,-0.26175284467807125,3.8716998410379677,0.18531250495536167,0.09
3,bridge lift to time,bridge_lift_to_time,64,-1.6994364624198248,4.751668846699124,0.5930000158571586,3.1,-0.26175284467807125,3.8716998410379677,0.5559375148660863,0.09
3,bridge lift to time,bridge_lift_to_time,65,-1.6994364624198248,4.751668846699124,0.6671250178393033,3.1,-0.26175284467807125,3.8716998410379677,0.9265625247768101,0.09
3,bridge lift to time,bridge_lift_to_time,66,-1.6994364624198248,4.751668846699124,0.7412500198214482,3.1,-0.26175284467807125,3.8716998410379677,1.2971875346875348,0.09
3,bridge lift to time,bridge_lift_to_time,67,-1.6994364624198248,4.751668846699124,0.815375021803593,3.1,-0.26175284467807125,3.8716998410379677,1.6678125445982581,0.09
3,bridge lift to time,bridge_lift_to_time,68,-1.6994364624198248,4.751668846699124,0.8895000237857379,3.1,-0.26175284467807125,3.8716998410379677,2.0384375545089832,0.09
3,bridge lift to time,bridge_lift_to_time,69,-1.6994364624198248,4.751668846699124,0.9636250257678827,3.1,-0.26175284467807125,3.8716998410379677,2.4090625644197066,0.09
3,bridge lift to time,bridge_lift_to_time,70,-4.456330722746533,-4.100080970555349,0.0,3.1,-3.0186471050047796,-4.980049976216505,-2.4090625644197066,0.09
3,bridge lift to time,bridge_lift_to_time,71,-4.456330722746533,-4.100080970555349,0.07372842216078626,3.1,-3.0186471050047796,-4.980049976216505,-2.0404204536157753,0.09
3,bridge lift to time,bridge_lift_to_time,72,-4.456330722746533,-4.100080970555349,0.14745684432157252,3.1,-3.0186471050047796,-4.980049976216505,-1.671778342811844,0.09
3,bridge lift to time,bridge_lift_to_time,73,-4.456330722746533,-4.100080970555349,0.22118526648235878,3.1,-3.0186471050047796,-4.980049976216505,-1.3031362320079127,0.09
3,bridge lift to time,bridge_lift_to_time,74,-4.456330722746533,-4.100080970555349,0.29491368864314504,3.1,-3.0186471050047796,-4.980049976216505,-0.9344941212039815,0.09
3,bridge lift to time,bridge_lift_to_time,75,-4.456330722746533,-4.100080970555349,0.36864211080393133,3.1,-3.0186471050047796,-4.980049976216505,-0.56585201040005,0.09
3,bridge lift to time,bridge_lift_to_time,76,-4.456330722746533,-4.100080970555349,0.44237053296471757,3.1,-3.0186471050047796,-4.980049976216505,-0.1972098995961189,0.09
3,bridge lift to time,bridge_lift_to_time,77,-4.456330722746533,-4.100080970555349,0.5160989551255037,3.1,-3.0186471050047796,-4.980049976216505,0.17143221120781194,0.09
3,bridge lift to time,bridge_lift_to_time,78,-4.456330722746533,-4.100080970555349,0.5898273772862901,3.1,-3.0186471050047796,-4.980049976216505,0.5400743220117437,0.09
3,bridge lift to time,bridge_lift_to_time,79,-4.456330722746533,-4.100080970555349,0.6635557994470763,3.1,-3.0186471050047796,-4.980049976216505,0.9087164328156749,0.09
3,bridge lift to time,bridge_lift_to_time,80,-4.456330722746533,-4.100080970555349,0.7372842216078627,3.1,-3.0186471050047796,-4.980049976216505,1.2773585436196067,0.09
3,bridge lift to time,bridge_lift_to_time,81,-4.456330722746533,-4.100080970555349,0.8110126437686488,3.1,-3.0186471050047796,-4.980049976216505,1.646000654423537,0.09
3,bridge lift to time,bridge_lift_to_time,82,-4.456330722746533,-4.100080970555349,0.8847410659294351,3.1,-3.0186471050047796,-4.980049976216505,2.0146427652274688,0.09
3,bridge lift to time,bridge_lift_to_time,83,-4.456330722746533,-4.100080970555349,0.9584694880902214,3.1,-3.0186471050047796,-4.980049976216505,2.3832848760314005,0.09
3,bridge lift to time,bridge_lift_to_time,84,3.9026446381142317,-5.892065582505193,0.0,3.1,5.340328255855985,-6.772034588166349,-2.4090625644197066,0.09
3,bridge lift to time,bridge_lift_to_time,85,3.9026446381142317,-5.892065582505193,0.07234178519892806,3.1,5.340328255855985,-6.772034588166349,-2.0473536384250663,0.09
3,bridge lift to time,bridge_lift_to_time,86,3.9026446381142317,-5.892065582505193,0.14468357039785612,3.1,5.340328255855985,-6.772034588166349,-1.685644712430426,0.09
3,bridge lift to time,bridge_lift_to_time,87,3.9026446381142317,-5.892065582505193,0.2170253555967842,3.1,5.340328255855985,-6.772034588166349,-1.3239357864357855,0.09
3,bridge lift to time,bridge_lift_to_time,88,3.9026446381142317,-5.892065582505193,0.28936714079571224,3.1,5.340328255855985,-6.772034588166349,-0.9622268604411452,0.09
3,bridge lift to time,bridge_lift_to_time,89,3.9026446381142317,-5.892065582505193,0.36170892599464033,3.1,5.340328255855985,-6.772034588166349,-0.600517934446505,0.09
3,bridge lift to time,bridge_lift_to_time,90,3.9026446381142317,-5.892065582505193,0.4340507111935684,3.1,5.340328255855985,-6.772034588166349,-0.23880900845186437,0.09
3,bridge lift to time,bridge_lift_to_time,91,3.9026446381142317,-5.892065582505193,0.5063924963924964,3.1,5.340328255855985,-6.772034588166349,0.1228999175427754,0.09
3,bridge lift to time,bridge_lift_to_time,92,3.9026446381142317,-5.892065582505193,0.5787342815914245,3.1,5.340328255855985,-6.772034588166349,0.48460884353741607,0.09
3,bridge lift to time,bridge_lift_to_time,93,3.9026446381142317,-5.892065582505193,0.6510760667903526,3.1,5.340328255855985,-6.772034588166349,0.8463177695320563,0.09
3,bridge lift to time,bridge_lift_to_time,94,3.9026446381142317,-5.892065582505193,0.7234178519892807,3.1,5.340328255855985,-6.772034588166349,1.2080266955266965,0.09
3,bridge lift to time,bridge_lift_to_time,95,3.9026446381142317,-5.892065582505193,0.7957596371882086,3.1,5.340328255855985,-6.772034588166349,1.5697356215213367,0.09
3,bridge lift to time,bridge_lift_to_time,96,3.9026446381142317,-5.892065582505193,0.8681014223871368,3.1,5.340328255855985,-6.772034588166349,1.9314445475159778,0.09
3,bridge lift to time,bridge_lift_to_time,97,3.9026446381142317,-5.892065582505193,0.9404432075860648,3.1,5.340328255855985,-6.772034588166349,2.293153473510617,0.09
3,bridge lift to time,bridge_lift_to_time,98,8.056982121148351,0.5687724655901634,0.0,3.1,9.494665738890106,-0.3111965400709926,-2.4090625644197066,0.09
3,bridge lift to time,bridge_lift_to_time,99,8.056982121148351,0.5687724655901634,0.07133945419659707,3.1,9.494665738890106,-0.3111965400709926,-2.052365293436721,0.09
3,bridge lift to time,bridge_lift_to_time,100,8.056982121148351,0.5687724655901634,0.14267890839319414,3.1,9.494665738890106,-0.3111965400709926,-1.695668022453736,0.09
3,bridge lift to time,bridge_lift_to_time,101,8.056982121148351,0.5687724655901634,0.21401836258979118,3.1,9.494665738890106,-0.3111965400709926,-1.3389707514707507,0.09
3,bridge lift to time,bridge_lift_to_time,102,8.056982121148351,0.5687724655901634,0.2853578167863883,3.1,9.494665738890106,-0.3111965400709926,-0.9822734804877653,0.09
3,bridge lift to time,bridge_lift_to_time,103,8.056982121148351,0.5687724655901634,0.3566972709829853,3.1,9.494665738890106,-0.3111965400709926,-0.6255762095047799,0.09
3,bridge lift to time,bridge_lift_to_time,104,8.056982121148351,0.5687724655901634,0.42803672517958236,3.1,9.494665738890106,-0.3111965400709926,-0.2688789385217949,0.09
3,bridge lift to time,bridge_lift_to_time,105,8.056982121148351,0.5687724655901634,0.4993761793761794,3.1,9.494665738890106,-0.3111965400709926,0.08781833246119053,0.09
3,bridge lift to time,bridge_lift_to_time,106,8.056982121148351,0.5687724655901634,0.5707156335727765,3.1,9.494665738890106,-0.3111965400709926,0.44451560344417596,0.09
3,bridge lift to time,bridge_lift_to_time,107,8.056982121148351,0.5687724655901634,0.6420550877693735,3.1,9.494665738890106,-0.3111965400709926,0.8012128744271609,0.09
3,bridge lift to time,bridge_lift_to_time,108,8.056982121148351,0.5687724655901634,0.7133945419659706,3.1,9.494665738890106,-0.3111965400709926,1.1579101454101468,0.09
3,bridge lift to time,bridge_lift_to_time,109,8.056982121148351,0.5687724655901634,0.7847339961625677,3.1,9.494665738890106,-0.3111965400709926,1.5146074163931318,0.09
3,bridge lift to time,bridge_lift_to_time,110,8.056982121148351,0.5687724655901634,0.8560734503591647,3.1,9.494665738890106,-0.3111965400709926,1.8713046873761168,0.09
3,bridge lift to time,bridge_lift_to_time,111,8.056982121148351,0.5687724655901634,0.9274129045557618,3.1,9.494665738890106,-0.3111965400709926,2.2280019583591026,0.09
3,bridge lift to time,bridge_lift_to_time,112,5.714495407122635,7.0592705809253316,0.0,3.1,7.152179024864388,6.179301575264176,-2.4090625644197066,0.09
3,bridge lift to time,bridge_lift_to_time,113,5.714495407122635,7.0592705809253316,0.07305961437829571,3.1,7.152179024864388,6.179301575264176,-2.043764492528228,0.09
3,bridge lift to time,bridge_lift_to_time,114,5.714495407122635,7.0592705809253316,0.14611922875659142,3.1,7.152179024864388,6.179301575264176,-1.6784664206367494,0.09
3,bridge lift to time,bridge_lift_to_time,115,5.714495407122635,7.0592705809253316,0.2191788431348871,3.1,7.152179024864388,6.179301575264176,-1.313168348745271,0.09
3,bridge lift to time,bridge_lift_to_time,116,5.714495407122635,7.0592705809253316,0.29223845751318284,3.1,7.152179024864388,6.179301575264176,-0.9478702768537923,0.09
3,bridge lift to time,bridge_lift_to_time,117,5.714495407122635,7.0592705809253316,0.3652980718914785,3.1,7.152179024864388,6.179301575264176,-0.5825722049623141,0.09
3,bridge lift to time,bridge_lift_to_time,118,5.714495407122635,7.0592705809253316,0.4383576862697742,3.1,7.152179024864388,6.179301575264176,-0.21727413307083543,0.09
3,bridge lift to time,bridge_lift_to_time,119,5.714495407122635,7.0592705809253316,0.5114173006480699,3.1,7.152179024864388,6.179301575264176,0.1480239388206428,0.09
3,bridge lift to time,bridge_lift_to_time,120,5.714495407122635,7.0592705809253316,0.5844769150263657,3.1,7.152179024864388,6.179301575264176,0.5133220107121219,0.09
3,bridge lift to time,bridge_lift_to_time,121,5.714495407122635,7.0592705809253316,0.6575365294046613,3.1,7.152179024864388,6.179301575264176,0.8786200826036001,0.09
3,bridge lift to time,bridge_lift_to_time,122,5.714495407122635,7.0592705809253316,0.730596143782957,3.1,7.152179024864388,6.179301575264176,1.2439181544950784,0.09
3,bridge lift to time,bridge_lift_to_time,123,5.714495407122635,7.0592705809253316,0.8036557581612527,3.1,7.152179024864388,6.179301575264176,1.609216226386557,0.09
3,bridge lift to time,bridge_lift_to_time,124,5.714495407122635,7.0592705809253316,0.8767153725395485,3.1,7.152179024864388,6.179301575264176,1.9745142982780357,0.09
3,bridge lift to time,bridge_lift_to_time,125,5.714495407122635,7.0592705809253316,0.9497749869178441,3.1,7.152179024864388,6.179301575264176,2.3398123701695144,0.09
3,bridge lift to time,bridge_lift_to_time,126,-3.3428161974012838,9.515021812673945,0.0,3.1,-1.9051325796595302,8.635052807012789,-2.4090625644197066,0.09
3,bridge lift to time,bridge_lift_to_time,127,-3.3428161974012838,9.515021812673945,0.07356366872850392,3.1,-1.9051325796595302,8.635052807012789,-2.041244220777187,0.09
3,bridge lift to time,bridge_lift_to_time,128,-3.3428161974012838,9.515021812673945,0.14712733745700785,3.1,-1.9051325796595302,8.635052807012789,-1.6734258771346673,0.09
3,bridge lift to time,bridge_lift_to_time,129,-3.3428161974012838,9.515021812673945,0.22069100618551177,3.1,-1.9051325796595302,8.635052807012789,-1.3056075334921478,0.09
3,bridge lift to time,bridge_lift_to_time,130,-3.3428161974012838,9.515021812673945,0.2942546749140157,3.1,-1.9051325796595302,8.635052807012789,-0.937789189849628,0.09
3,bridge lift to time,bridge_lift_to_time,131,-3.3428161974012838,9.515021812673945,0.3678183436425196,3.1,-1.9051325796595302,8.635052807012789,-0.5699708462071087,0.09
3,bridge lift to time,bridge_lift_to_time,132,-3.3428161974012838,9.515021812673945,0.44138201237102354,3.1,-1.9051325796595302,8.635052807012789,-0.20215250256458894,0.09
3,bridge lift to time,bridge_lift_to_time,133,-3.3428161974012838,9.515021812673945,0.5149456810995274,3.1,-1.9051325796595302,8.635052807012789,0.1656658410779306,0.09
3,bridge lift to time,bridge_lift_to_time,134,-3.3428161974012838,9.515021812673945,0.5885093498280314,3.1,-1.9051325796595302,8.635052807012789,0.5334841847204506,0.09
3,bridge lift to time,bridge_lift_to_time,135,-3.3428161974012838,9.515021812673945,0.6620730185565352,3.1,-1.9051325796595302,8.635052807012789,0.9013025283629696,0.09
3,bridge lift to time,bridge_lift_to_time,136,-3.3428161974012838,9.515021812673945,0.7356366872850392,3.1,-1.9051325796595302,8.635052807012789,1.2691208720054892,0.09
3,bridge lift to time,bridge_lift_to_time,137,-3.3428161974012838,9.515021812673945,0.8092003560135431,3.1,-1.9051325796595302,8.635052807012789,1.6369392156480091,0.09
3,bridge lift to time,bridge_lift_to_time,138,-3.3428161974012838,9.515021812673945,0.8827640247420471,3.1,-1.9051325796595302,8.635052807012789,2.0047575592905287,0.09
3,bridge lift to time,bridge_lift_to_time,139,-3.3428161974012838,9.515021812673945,0.9563276934705509,3.1,-1.9051325796595302,8.635052807012789,2.372575902933048,0.09
3,bridge lift to time,bridge_lift_to_time,140,-10.953384008210797,1.7450758476031405,0.0,3.1,-9.515700390469043,0.8651068419419845,-2.4090625644197066,0.09
3,bridge lift to time,bridge_lift_to_time,141,-10.953384008210797,1.7450758476031405,0.07112208120813972,3.1,-9.515700390469043,0.8651068419419845,-2.0534521583790077,0.09
3,bridge lift to time,bridge_lift_to_time,142,-10.953384008210797,1.7450758476031405,0.14224416241627943,3.1,-9.515700390469043,0.8651068419419845,-1.6978417523383094,0.09
3,bridge lift to time,bridge_lift_to_time,143,-10.953384008210797,1.7450758476031405,0.21336624362441914,3.1,-9.515700390469043,0.8651068419419845,-1.342231346297611,0.09
3,bridge lift to time,bridge_lift_to_time,144,-10.953384008210797,1.7450758476031405,0.28448832483255887,3.1,-9.515700390469043,0.8651068419419845,-0.9866209402569122,0.09
3,bridge lift to time,bridge_lift_to_time,145,-10.953384008210797,1.7450758476031405,0.35561040604069855,3.1,-9.515700390469043,0.8651068419419845,-0.6310105342162138,0.09
3,bridge lift to time,bridge_lift_to_time,146,-10.953384008210797,1.7450758476031405,0.4267324872488383,3.1,-9.515700390469043,0.8651068419419845,-0.2754001281755154,0.09
3,bridge lift to time,bridge_lift_to_time,147,-10.953384008210797,1.7450758476031405,0.49785456845697795,3.1,-9.515700390469043,0.8651068419419845,0.08021027786518298,0.09
3,bridge lift to time,bridge_lift_to_time,148,-10.953384008210797,1.7450758476031405,0.5689766496651177,3.1,-9.515700390469043,0.8651068419419845,0.43582068390588224,0.09
3,bridge lift to time,bridge_lift_to_time,149,-10.953384008210797,1.7450758476031405,0.6400987308732574,3.1,-9.515700390469043,0.8651068419419845,0.7914310899465806,0.09
3,bridge lift to time,bridge_lift_to_time,150,-10.953384008210797,1.7450758476031405,0.7112208120813971,3.1,-9.515700390469043,0.8651068419419845,1.147041495987279,0.09
3,bridge lift to time,bridge_lift_to_time,151,-10.953384008210797,1.7450758476031405,0.7823428932895368,3.1,-9.515700390469043,0.8651068419419845,1.5026519020279774,0.09
3,bridge lift to time,bridge_lift_to_time,152,-10.953384008210797,1.7450758476031405,0.8534649744976766,3.1,-9.515700390469043,0.8651068419419845,1.8582623080686758,0.09
3,bridge lift to time,bridge_lift_to_time,153,-10.953384008210797,1.7450758476031405,0.9245870557058162,3.1,-9.515700390469043,0.8651068419419845,2.213872714109374,0.09
3,bridge lift to time,bridge_lift_to_time,154,-8.896600317583912,-8.22362086178578,0.0,3.1,-7.458916699842159,-9.103589867446935,-2.4090625644197066,0.09
3,bridge lift to time,bridge_lift_to_time,155,-8.896600317583912,-8.22362086178578,0.07237779085993372,3.1,-7.458916699842159,-9.103589867446935,-2.047173610120038,0.09
3,bridge lift to time,bridge_lift_to_time,156,-8.896600317583912,-8.22362086178578,0.14475558171986744,3.1,-7.458916699842159,-9.103589867446935,-1.6852846558203693,0.09
3,bridge lift to time,bridge_lift_to_time,157,-8.896600317583912,-8.22362086178578,0.21713337257980114,3.1,-7.458916699842159,-9.103589867446935,-1.3233957015207007,0.09
3,bridge lift to time,bridge_lift_to_time,158,-8.896600317583912,-8.22362086178578,0.2895111634397349,3.1,-7.458916699842159,-9.103589867446935,-0.9615067472210321,0.09
3,bridge lift to time,bridge_lift_to_time,159,-8.896600317583912,-8.22362086178578,0.36188895429966855,3.1,-7.458916699842159,-9.103589867446935,-0.5996177929213637,0.09
3,bridge lift to time,bridge_lift_to_time,160,-8.896600317583912,-8.22362086178578,0.4342667451596023,3.1,-7.458916699842159,-9.103589867446935,-0.23772883862169492,0.09
3,bridge lift to time,bridge_lift_to_time,161,-8.896600317583912,-8.22362086178578,0.506644536019536,3.1,-7.458916699842159,-9.103589867446935,0.12416011567797325,0.09
3,bridge lift to time,bridge_lift_to_time,162,-8.896600317583912,-8.22362086178578,0.5790223268794698,3.1,-7.458916699842159,-9.103589867446935,0.4860490699776423,0.09
3,bridge lift to time,bridge_lift_to_time,163,-8.896600317583912,-8.22362086178578,0.6514001177394034,3.1,-7.458916699842159,-9.103589867446935,0.8479380242773105,0.09
3,bridge lift to time,bridge_lift_to_time,164,-8.896600317583912,-8.22362086178578,0.7237779085993371,3.1,-7.458916699842159,-9.103589867446935,1.209826978576979,0.09
3,bridge lift to time,bridge_lift_to_time,165,-8.896600317583912,-8.22362086178578,0.7961556994592708,3.1,-7.458916699842159,-9.103589867446935,1.5717159328766472,0.09
3,bridge lift to time,bridge_lift_to_time,166,-8.896600317583912,-8.22362086178578,0.8685334903192046,3.1,-7.458916699842159,-9.103589867446935,1.9336048871763167,0.09
3,bridge lift to time,bridge_lift_to_time,167,-8.896600317583912,-8.22362086178578,0.9409112811791382,3.1,-7.458916699842159,-9.103589867446935,2.295493841475985,0.09
4,lifted harmonic means,lifted_harmonic_means,0,1.0057996735229657,0.054020209970115085,0.9523696145124717,9.0,2.4434832912647195,-0.825948795691041,2.352785508142652,0.10393693295427564
4,lifted harmonic means,lifted_harmonic_means,1,2.013507401872571,0.13282042609531933,0.9214061076143854,9.0,3.4511910196143245,-0.7471485795658367,2.19796797365222,0.10393693295427564
4,lifted harmonic means,lifted_harmonic_means,2,-2.211943890169656,-2.07159251387107,0.9523696145124717,9.0,-0.7742602724279024,-2.951561519532226,2.352785508142652,0.10393693295427564
4,lifted harmonic means,lifted_harmonic_means,3,4.028479066949673,0.2877953777157863,0.898936882196244,9.0,5.466162684691427,-0.5921736279453698,2.0856218465615135,0.10393693295427564
4,lifted harmonic means,lifted_harmonic_means,4,-1.6994364624198248,4.751668846699124,0.9636250257678827,9.0,-0.26175284467807125,3.8716998410379677,2.4090625644197066,0.10393693295427564
4,lifted harmonic means,lifted_harmonic_means,5,-4.456330722746533,-4.100080970555349,0.9584694880902214,9.0,-3.0186471050047796,-4.980049976216505,2.3832848760314005,0.10393693295427564
4,lifted harmonic means,lifted_harmonic_means,6,3.9026446381142317,-5.892065582505193,0.9404432075860648,9.0,5.340328255855985,-6.772034588166349,2.293153473510617,0.10393693295427564
4,lifted harmonic means,lifted_harmonic_means,7,8.056982121148351,0.5687724655901634,0.9274129045557618,9.0,9.494665738890106,-0.3111965400709926,2.2280019583591026,0.10393693295427564
4,lifted harmonic means,lifted_harmonic_means,8,5.714495407122635,7.0592705809253316,0.9497749869178441,9.0,7.152179024864388,6.179301575264176,2.3398123701695144,0.10393693295427564
4,lifted harmonic means,lifted_harmonic_means,9,-3.3428161974012838,9.515021812673945,0.9563276934705509,9.0,-1.9051325796595302,8.635052807012789,2.372575902933048,0.10393693295427564
4,lifted harmonic means,lifted_harmonic_means,10,-10.953384008210797,1.7450758476031405,0.9245870557058162,9.0,-9.515700390469043,0.8651068419419845,2.213872714109374,0.10393693295427564
4,lifted harmonic means,lifted_harmonic_means,11,-8.896600317583912,-8.22362086178578,0.9409112811791382,9.0,-7.458916699842159,-9.103589867446935,2.295493841475985,0.10393693295427564
